Repository's Location,Branch,Author's GitHub ID,Author's Emails,Author's Display Name,Author's Git Author Name,Ignore Glob List
https://github.com/AY2627S1-CS2103-F09-1/tp.git,master,Kamban123,,CS2103-F09-1 KAMB..OVAN,,
https://github.com/AY2627S1-CS2103-F09-2/tp.git,master,arcs1ne,,CS2103-F09-2 TAN ..YING,,
https://github.com/AY2627S1-CS2103-F13-1/tp.git,master,sheeppocket,,CS2103-F13-1 YANG..NWON,,
https://github.com/AY2627S1-CS2103-F12-4/tp.git,master,ShengHaozz,,CS2103-F12-4 ONG .. HAO,,
https://github.com/AY2627S1-CS2103-F13-1/tp.git,master,RyanNZZ2205,,CS2103-F13-1 NG Z..RYAN,Ryan Ng,
https://github.com/AY2627S1-CS2103-F09-2/tp.git,master,ry-cy,,CS2103-F09-2 CHIE..RYAN,,
https://github.com/AY2627S1-CS2103-F09-1/tp.git,master,Linux735,,CS2103-F09-1 LINU.. JIN,Linus,
https://github.com/AY2627S1-CS2103-F12-3/tp.git,master,MicahLiow,,CS2103-F12-3 MICA.. KAI,Micah Liow,
https://github.com/AY2627S1-CS2103-F09-2/tp.git,master,SalmanAlfarisi5,,CS2103-F09-2 MUHA..RISI,Muhammad Salman;Muhammad Salman Al Farisi,
https://github.com/AY2627S1-CS2103-F13-2/tp.git,master,ngxuanjin,,CS2103-F13-2 NG X.. JIN,xuan jin ng,
https://github.com/AY2627S1-CS2103-F11-1/tp.git,master,mizzfain,,CS2103-F11-1 KEVI.. WEI,Kevin Tan,
https://github.com/AY2627S1-CS2103-F13-1/tp.git,master,Cywez,,CS2103-F13-1 CHER.. LIN,,
https://github.com/AY2627S1-CS2103-F12-3/tp.git,master,wangyixuan818,,CS2103-F12-3 WANG..XUAN,Wang Yixuan;yixuan,
https://github.com/AY2627S1-CS2103-F13-2/tp.git,master,Kafka03,,CS2103-F13-2 KAFK..LLAH,Kafka,
https://github.com/AY2627S1-CS2103-F13-2/tp.git,master,Yx0905,,CS2103-F13-2 LIU ..IANG,Yuxiang_Liu;Yuxiang Liu,
https://github.com/AY2627S1-CS2103-F10-2/tp.git,master,luyao-111,,CS2103-F10-2 LU Y.. YAO,,
https://github.com/AY2627S1-CS2103-F12-4/tp.git,master,tanyxuan,,CS2103-F12-4 TAN ..XUAN,yixuan,
https://github.com/AY2627S1-CS2103-F13-1/tp.git,master,Chia-Kei-Pei,,CS2103-F13-1 CHIA.. PEI,Chia Kei Pei,
https://github.com/AY2627S1-CS2103-F11-1/tp.git,master,Indraarr,,CS2103-F11-1 INDR..UDIN,Indra,
https://github.com/AY2627S1-CS2103-F12-3/tp.git,master,kpkavin04,,CS2103-F12-3 PART..AVIN,Kavin Parthipan,
https://github.com/AY2627S1-CS2103-F12-3/tp.git,master,Monochromas,,CS2103-F12-3 CHEW..MUEL,Samuel Chew,
https://github.com/AY2627S1-CS2103-F11-1/tp.git,master,arun-bas,,CS2103-F11-1 ARUN..ARAN,Arun,
https://github.com/AY2627S1-CS2103-F13-2/tp.git,master,KeeYenCheng,,CS2103-F13-2 KEE ..HENG,YC,
https://github.com/AY2627S1-CS2103-F10-1/tp.git,master,xy-241,,CS2103-F10-1 YU X..YANG,Xinyang YU;Xinyang Yu,
https://github.com/AY2627S1-CS2103-F12-2/tp.git,master,elhanannw,,CS2103-F12-2 ELHA..WONG,Elhanan,
https://github.com/AY2627S1-CS2103-F13-1/tp.git,master,lzxrenfred,,CS2103-F13-1 LEE ..FRED,Ren;Renfred,
https://github.com/AY2627S1-CS2103-F12-2/tp.git,master,Dancodes2,,CS2103-F12-2 DANI..IANG,,
https://github.com/AY2627S1-CS2103-F09-1/tp.git,master,cacklycrackle,,CS2103-F09-1 RAVI..INDH,Vishal R;nightlycacklewitch,
https://github.com/AY2627S1-CS2103-F11-2/tp.git,master,JackyJiangCS,,CS2103-F11-2 JIAN..TANG,Jacky Jiang RongTang;Jiang RongTang,
https://github.com/AY2627S1-CS2103-F10-1/tp.git,master,FrancisRalph,,CS2103-F10-1 MASA..AGUI,,
https://github.com/AY2627S1-CS2103-F11-2/tp.git,master,itsDanielGuan,,CS2103-F11-2 DANI..IANG,daniel;danielguan;Daniel Guan,
https://github.com/AY2627S1-CS2103-F12-1/tp.git,master,h0nh0nbaguette,,CS2103-F12-1 TONG..NOEL,,
https://github.com/AY2627S1-CS2103-F10-1/tp.git,master,KeithKng,,CS2103-F10-1 KNG ..EITH,Keith Kng,
https://github.com/AY2627S1-CS2103-F12-4/tp.git,master,xian-zhe,,CS2103-F12-4 CHYE.. ZHE,xian zhe,
https://github.com/AY2627S1-CS2103-F12-2/tp.git,master,Soch-ia,,CS2103-F12-2 CHIA.. JIE,Chia Song Jie,
https://github.com/AY2627S1-CS2103-F11-1/tp.git,master,piyaphat38030,,CS2103-F11-1 KLAN..PHAT,Piyaphat,
https://github.com/AY2627S1-CS2103-F13-2/tp.git,master,Cookiemunchrr,,CS2103-F13-2 SONG..OZHU,Song yaozhu,
https://github.com/AY2627S1-CS2103-F10-1/tp.git,master,chuanhao01,,CS2103-F10-1 LIM .. HAO,Chuan Hao,
https://github.com/AY2627S1-CS2103-F11-2/tp.git,master,Keerthivasan152,,CS2103-F11-2 ELLA..ASAN,Keerthivasan512,
https://github.com/AY2627S1-CS2103-F11-2/tp.git,master,Goh-Wei-Chong,,CS2103-F11-2 GOH ..HONG,Goh Wei Chong;Wei Chong,
https://github.com/AY2627S1-CS2103-F10-2/tp.git,master,Luigi-Simon,,CS2103-F10-2 SIMO..IANO,Simon Christian Luigi Soriano,
https://github.com/AY2627S1-CS2103-F12-1/tp.git,master,Edison-choo,,CS2103-F12-1 EDIS..CHOO,,
https://github.com/AY2627S1-CS2103-F10-2/tp.git,master,LeeWenKang-NUS,,CS2103-F10-2 LEE ..KANG,Lee Wen Kang;Your Name;BlushingChives,
https://github.com/AY2627S1-CS2103-F12-1/tp.git,master,Elljaykei,,CS2103-F12-1 LIM .. KAI,Lim Jing Kai,
https://github.com/AY2627S1-CS2103-F12-1/tp.git,master,Alexc09,,CS2103-F12-1 ALEX.. HAO,Alex;Alex C,
https://github.com/AY2627S1-CS2103-F10-1/tp.git,master,darrenori,,CS2103-F10-1 DARR..N EN,,
https://github.com/AY2627S1-CS2103-F12-1/tp.git,master,wyekstudent,,CS2103-F12-1 WEE ..EONG,Wee Wye Keong,
https://github.com/AY2627S1-CS2103-F11-2/tp.git,master,John-Dai-88,,CS2103-F11-2 DAI .. YIM,Koi Yim,
https://github.com/AY2627S1-CS2103-F10-2/tp.git,master,Aster0,,CS2103-F10-2 KOH ..ADEN,Astero,
https://github.com/AY2627S1-CS2103-F10-2/tp.git,master,bevanpoh,,CS2103-F10-2 POH ..EVAN,,
https://github.com/AY2627S1-CS2103-F10-2/tp.git,master,Ryanyzh,,CS2103-F10-2 YONG..RYAN,Hello Ryan   \ x_x /,
https://github.com/AY2627S1-CS2103-F11-1/tp.git,master,minrui13,,CS2103-F11-1 GOH .. RUI,Goh Min Rui;min rui,
https://github.com/AY2627S1-CS2103-F12-4/tp.git,master,MathRat190225,,CS2103-F12-4 SHI ..BOYU,Shi Boyu;ShiBoyu,
https://github.com/AY2627S1-CS2103T-T10-2/tp.git,master,Adriazz,,CS2103T-T10-2 ADRI..KANG,Adrian Luah;Adrian Luah Jun Kang,
https://github.com/AY2627S1-CS2103T-T14-3/tp.git,master,JavierLimZH,,CS2103T-T14-3 JAVI.. LIM,,
https://github.com/AY2627S1-CS2103T-T10-2/tp.git,master,f1r8,,CS2103T-T10-2 JIAN..UZHE,Jiang Yuzhe,
https://github.com/AY2627S1-CS2103T-F08-1/tp.git,master,nje14,,CS2103T-F08-1 NGUI..ISON,NJE;nje,
https://github.com/AY2627S1-CS2103T-T14-3/tp.git,master,cewau,,CS2103T-T14-3 LIN ..EWEI,Lin Zewei,
https://github.com/AY2627S1-CS2103T-F11-1/tp.git,master,Kimame04,,CS2103T-F11-1 MEND..ANDA,Kieran M,
https://github.com/AY2627S1-CS2103T-T14-3/tp.git,master,BirdsArentReal,,CS2103T-T14-3 SIM .. RAY,,
https://github.com/AY2627S1-CS2103T-T16-3/tp.git,master,zirong679,,CS2103T-T16-3 LEE ..RONG,zirong,
https://github.com/AY2627S1-CS2103T-F10-4/tp.git,master,PenguinPiplup,,CS2103T-F10-4 ANDR..ZHUN,Piplup,
https://github.com/AY2627S1-CS2103T-F14a-1/tp.git,master,nuggettowin,,CS2103T-F14a-1 BENE.. KIT,Benedict Chang;ybahgys;ybahgyslaptop,
https://github.com/AY2627S1-CS2103T-W10-1/tp.git,master,JackChuaYC,,CS2103T-W10-1 JACK..CHEN,,
https://github.com/AY2627S1-CS2103T-W10-1/tp.git,master,L-TM,,CS2103T-W10-1 LIM .. MIN,Lim Tze Min,
https://github.com/AY2627S1-CS2103T-F12-3/tp.git,master,IMNOTANNIE,,CS2103T-F12-3 ZHAO..MENG,Zhao Yumeng,
https://github.com/AY2627S1-CS2103T-F13-1/tp.git,master,randomwish,,CS2103T-F13-1 WEE .. ZHE,Yenzhe Wee,
https://github.com/AY2627S1-CS2103T-F08-1/tp.git,master,Alfred051201,,CS2103T-F08-1 ALFR..HONG,Alfred;AlfredTing,
https://github.com/AY2627S1-CS2103T-T10-4/tp.git,master,matthewtansh,,CS2103T-T10-4 MATT.. HAN,m4tthewtan,
https://github.com/AY2627S1-CS2103T-W09-2/tp.git,master,MinhHoangLeNUS,,CS2103T-W09-2 LE M..OANG,Le Minh Hoang,
https://github.com/AY2627S1-CS2103T-W09-1/tp.git,master,codeforce233,,CS2103T-W09-1 NALL..LAJI,Tharun-Balaji1,
https://github.com/AY2627S1-CS2103T-F14-1/tp.git,master,darrny,,CS2103T-F14-1 DARR.. LIM,Darren,
https://github.com/AY2627S1-CS2103T-F14-1/tp.git,master,JerylChwa,,CS2103T-F14-1 JERY..RONG,Jeryl,
https://github.com/AY2627S1-CS2103T-T10-4/tp.git,master,raynor-koh,,CS2103T-T10-4 KOH ..YNOR,Raynor;Raynor Koh,
https://github.com/AY2627S1-CS2103T-F11-2/tp.git,master,zyangchuan,,CS2103T-F11-2 ZHAN..HUAN,,
https://github.com/AY2627S1-CS2103T-T12-1/tp.git,master,jolneetanky,,CS2103T-T12-1 TAN ..LENE,Jolene;jolene,
https://github.com/AY2627S1-CS2103T-T17-1/tp.git,master,jingyucodes,,CS2103T-T17-1 SHI ..NGYU,Jingyu Shi,
https://github.com/AY2627S1-CS2103T-W08-2/tp.git,master,0218hy,,CS2103T-W08-2 LEE ..OUNG,hayoung,
https://github.com/AY2627S1-CS2103T-T16-4/tp.git,master,Rio-maker,,CS2103T-T16-4 HO W..XIAN,Wei Xian,
https://github.com/AY2627S1-CS2103T-F08-2/tp.git,master,less413,,CS2103T-F08-2 JAYD..HUEN,j,
https://github.com/AY2627S1-CS2103T-F08-2/tp.git,master,dardenren,,CS2103T-F08-2 LIM ..RREN,Darren,
https://github.com/AY2627S1-CS2103T-F14a-4/tp.git,master,KoeyXianHan123,,CS2103T-F14a-4 KOEY.. HAN,,
https://github.com/AY2627S1-CS2103T-W09-3/tp.git,master,jiayouchew,,CS2103T-W09-3 CHEW.. YOU,,
https://github.com/AY2627S1-CS2103T-T09-2/tp.git,master,PBez02,,CS2103T-T09-2 PETE..UBOV,Peter Bezgoubov,
https://github.com/AY2627S1-CS2103T-F12-4/tp.git,master,tkythomas,,CS2103T-F12-4 TAN ..OMAS,,
https://github.com/AY2627S1-CS2103T-F10-4/tp.git,master,SzeTingT,,CS2103T-F10-4 TAN ..TING,GabOnGitHub;Sze Ting,
https://github.com/AY2627S1-CS2103T-W10-4/tp.git,master,sjyjoshua,,CS2103T-W10-4 SIM ..SHUA,Joshua;Joshua Sim,
https://github.com/AY2627S1-CS2103T-F14a-4/tp.git,master,PhuXien,,CS2103T-F14a-4 CHAN..XIEN,PX,
https://github.com/AY2627S1-CS2103T-F14a-1/tp.git,master,plutonaruto,,CS2103T-F14a-1 CHAR..YING,Charis Tan,
https://github.com/AY2627S1-CS2103T-F08-3/tp.git,master,ap-was-here,,CS2103T-F08-3 AISH..KSHA,Pratiksha,
https://github.com/AY2627S1-CS2103T-F13-1/tp.git,master,ravanc,,CS2103T-F13-1 CHAN..AVAN,Ravan,
https://github.com/AY2627S1-CS2103T-F14a-3/tp.git,master,spadewiz,,CS2103T-F14a-3 PANN..CKAM,,
https://github.com/AY2627S1-CS2103T-F08-2/tp.git,master,Anthony-QIN-fz,,CS2103T-F08-2 QIN ..HENG,Qin;Anthony Qin,
https://github.com/AY2627S1-CS2103T-F15-3/tp.git,master,aziz-Almarzooq,,CS2103T-F15-3 ALMA..AD A,Aziz Almarzooq,
https://github.com/AY2627S1-CS2103T-F10-1/tp.git,master,MetalPower26,,CS2103T-F10-1 MATT..LLAN,MetalPower,
https://github.com/AY2627S1-CS2103T-F14-3/tp.git,master,GODMODE899,,CS2103T-F14-3 NASS..ER A,Abdo,
https://github.com/AY2627S1-CS2103T-F14a-4/tp.git,master,JokThreee,,CS2103T-F14a-4 TAN .. JIE,Tan Wei Jie,
https://github.com/AY2627S1-CS2103T-W12-4/tp.git,master,shrad1601,,CS2103T-W12-4 SRIR..DDHA,,
https://github.com/AY2627S1-CS2103T-F14-1/tp.git,master,bentengly,,CS2103T-F14-1 TENG..AMIN,Benjamin Teng,
https://github.com/AY2627S1-CS2103T-F10-2/tp.git,master,PenguinsGoWild,,CS2103T-F10-2 CHAN..NNES,Snail,
https://github.com/AY2627S1-CS2103T-T17-3/tp.git,master,jamestorivor,,CS2103T-T17-3 TAN ..RCUS,Marcus Tan;marcus,
https://github.com/AY2627S1-CS2103T-F09-4/tp.git,master,mr-yeo,,CS2103T-F09-4 STUA..E EN,yeo,
https://github.com/AY2627S1-CS2103T-F14-1/tp.git,master,FatDino789,,CS2103T-F14-1 YEO ..RALD,Gerald,
https://github.com/AY2627S1-CS2103T-W10-1/tp.git,master,snowlyr,,CS2103T-W10-1 JOVA..HENG,,
https://github.com/AY2627S1-CS2103T-F08-2/tp.git,master,ykteo000,,CS2103T-F08-2 TEO ..KANG,,
https://github.com/AY2627S1-CS2103T-T16-4/tp.git,master,mannymacman,,CS2103T-T16-4 TANG..EITH,k3ithzz,
https://github.com/AY2627S1-CS2103T-T16-4/tp.git,master,JONASKKE,,CS2103T-T16-4 JONA..I EN,,
https://github.com/AY2627S1-CS2103T-T13-1/tp.git,master,Alloyshoes,,CS2103T-T13-1 ALOY..TENG,,
https://github.com/AY2627S1-CS2103T-T13-1/tp.git,master,shijieteo,,CS2103T-T13-1 TEO .. JIE,Shi Jie,
https://github.com/AY2627S1-CS2103T-F14-1/tp.git,master,limjunan,,CS2103T-F14-1 LIM ..RYAN,Bryan,
https://github.com/AY2627S1-CS2103T-T13-1/tp.git,master,idealfarhand,,CS2103T-T13-1 AIDI..MRAN,Aidil,
https://github.com/AY2627S1-CS2103T-F13-4/tp.git,master,nivremi,,CS2103T-F13-4 MERV..SWIN,,
https://github.com/AY2627S1-CS2103T-T13-1/tp.git,master,RyanNgCT,,CS2103T-T13-1 NG C..RYAN,,
https://github.com/AY2627S1-CS2103T-T11-2/tp.git,master,avalidgitusername,,CS2103T-T11-2 CHAN..Y KO,itsme,
https://github.com/AY2627S1-CS2103T-F14a-1/tp.git,master,zRayhhh,,CS2103T-F14a-1 ZHU ..IHAN,,
https://github.com/AY2627S1-CS2103T-F15-1/tp.git,master,joshmode,,CS2103T-F15-1 JOSH..DREW,Joshua Andrew,
https://github.com/AY2627S1-CS2103T-F13-1/tp.git,master,greysome,,CS2103T-F13-1 WAY .. WIN,Way Yan,
https://github.com/AY2627S1-CS2103T-F08-2/tp.git,master,Bruhmiuz,,CS2103T-F08-2 LEON..UHAO,,
https://github.com/AY2627S1-CS2103T-F15-1/tp.git,master,Lew1sWong,,CS2103T-F15-1 WANG..NHAO,Lewis Wang;Lewis Wong,
https://github.com/AY2627S1-CS2103T-T09-2/tp.git,master,kqjy29,,CS2103T-T09-2 QUEK..ELIN,Kaelin;kaelin,
https://github.com/AY2627S1-CS2103T-W08-1/tp.git,master,Gauhet,,CS2103T-W08-1 PODD..UHET,,
https://github.com/AY2627S1-CS2103T-F13-3/tp.git,master,gugrusaurus,,CS2103T-F13-3 LIN ..NXUN,,
https://github.com/AY2627S1-CS2103T-F10-3/tp.git,master,BarcaBoy109,,CS2103T-F10-3 HOQU..ADUL,Shehroz;Shehroz Awadul Hoque,
https://github.com/AY2627S1-CS2103T-F15-3/tp.git,master,hyunmin1211,,CS2103T-F15-3 LEE ..NMIN,hyunmin,
https://github.com/AY2627S1-CS2103T-F14-2/tp.git,master,sarinake,,CS2103T-F14-2 KE S..XUAN,Sarina Ke;syk17,
https://github.com/AY2627S1-CS2103T-F14a-2/tp.git,master,Dai-yangjie,,CS2103T-F14a-2 DAI ..GJIE,,
https://github.com/AY2627S1-CS2103T-F10-3/tp.git,master,tianyu487,,CS2103T-F10-3 DENG..ANYU,Deng Tianyu,
https://github.com/AY2627S1-CS2103T-F14a-4/tp.git,master,ZachL1113,,CS2103T-F14a-4 LIU ..NHAN,Junhan;Junhan Liu,
https://github.com/AY2627S1-CS2103T-W10-3/tp.git,master,JiayiZhai,,CS2103T-W10-3 ZHAI..IAYI,ZHAI;ZHAI JIAYI,
https://github.com/AY2627S1-CS2103T-T12-3/tp.git,master,mao455,,CS2103T-T12-3 MAO ..INBO,,
https://github.com/AY2627S1-CS2103T-T08-2/tp.git,master,ZhouZheng152,,CS2103T-T08-2 ZHOU..HENG,Zhou Zheng,
https://github.com/AY2627S1-CS2103T-F14a-2/tp.git,master,herohelennn1010,,CS2103T-F14a-2 HE J..NGQI,He Jingqi,
https://github.com/AY2627S1-CS2103T-W10-3/tp.git,master,Yanrong-Wang,,CS2103T-W10-3 WANG..RONG,“Yanrong-Wang”,
https://github.com/AY2627S1-CS2103T-F15-1/tp.git,master,notmeegoreng,,CS2103T-F15-1 TERE..CHEN,,
https://github.com/AY2627S1-CS2103T-F14-3/tp.git,master,neokh719,,CS2103T-F14-3 NEO .. HAO,neokh,
https://github.com/AY2627S1-CS2103T-F15-2/tp.git,master,wtvlol,,CS2103T-F15-2 KEIT.. KAI,Keith,
https://github.com/AY2627S1-CS2103T-T15-2/tp.git,master,seahjiale,,CS2103T-T15-2 SEAH..A LE,Jia Le,
https://github.com/AY2627S1-CS2103T-F12-3/tp.git,master,zaru-noodles,,CS2103T-F12-3 AIDA..FENG,Aidan Tay,
https://github.com/AY2627S1-CS2103T-F12-3/tp.git,master,qxxd666,,CS2103T-F12-3 OH Q..IANG,qixiang oh;qxxd,
https://github.com/AY2627S1-CS2103T-F13-4/tp.git,master,minweed,,CS2103T-F13-4 CHON..WENN,Chong Min Wenn,
https://github.com/AY2627S1-CS2103T-F09-3/tp.git,master,JXYU2004,,CS2103T-F09-3 YU J..IANG,Yu Jixiang;jixiang,
https://github.com/AY2627S1-CS2103T-T13-3/tp.git,master,ZYS-37,,CS2103T-T13-3 SUE ..YONG,Zheng Yong,
https://github.com/AY2627S1-CS2103T-W13-3/tp.git,master,josthan12,,CS2103T-W13-3 JOST..HENG,,
https://github.com/AY2627S1-CS2103T-T08-4/tp.git,master,Matcha1atte1,,CS2103T-T08-4 LIM ..OVAN,Jovan Lim,
https://github.com/AY2627S1-CS2103T-F08-4/tp.git,master,junliangli2004-web,,CS2103T-F08-4 LI J..IANG,Li Junliang,
https://github.com/AY2627S1-CS2103T-W14-4/tp.git,master,axelheng,,CS2103T-W14-4 AXEL.. HAN,,
https://github.com/AY2627S1-CS2103T-T11-4/tp.git,master,idkwattoput-689,,CS2103T-T11-4 HE Z..YANG,Ziyang,
https://github.com/AY2627S1-CS2103T-F10-2/tp.git,master,Mimbao,,CS2103T-F10-2 CHOW.. HAN,,
https://github.com/AY2627S1-CS2103T-T15-4/tp.git,master,XanderGoh,,CS2103T-T15-4 GOH ..NDER,Xander,
https://github.com/AY2627S1-CS2103T-F12-3/tp.git,master,ashinms,,CS2103T-F12-3 ASHI..UNIL,Ashin Mohamed Sunil,
https://github.com/AY2627S1-CS2103T-W13-1/tp.git,master,chesterlim2004,,CS2103T-W13-1 CHES.. JIE,Chester Lim,
https://github.com/AY2627S1-CS2103T-F11-1/tp.git,master,chester-wong-33,,CS2103T-F11-1 CHES..IHAO,,
https://github.com/AY2627S1-CS2103T-F14a-2/tp.git,master,gabriel-wan,,CS2103T-F14a-2 GABR..PING,Gabriel Wan,
https://github.com/AY2627S1-CS2103T-W09-2/tp.git,master,jingchunnnnn,,CS2103T-W09-2 ZHOU..CHUN,Jing Chun;jc;Jingchun,
https://github.com/AY2627S1-CS2103T-F12-3/tp.git,master,qqnoodle,,CS2103T-F12-3 FOON..MING,Foong Qi Ming,
https://github.com/AY2627S1-CS2103T-F15-2/tp.git,master,isaaaxe,,CS2103T-F15-2 CHOO..SAAC,Isaac Choong,
https://github.com/AY2627S1-CS2103T-T17-3/tp.git,master,Unknownflow,,CS2103T-T17-3 CLAR..UANG,Clarence,
https://github.com/AY2627S1-CS2103T-T12-2/tp.git,master,Slytherax,,CS2103T-T12-2 LAXS..ARAN,Laxshan,
https://github.com/AY2627S1-CS2103T-W08-3/tp.git,master,somawa,,CS2103T-W08-3 AW G..AMOS,Aw Guangyang Amos,
https://github.com/AY2627S1-CS2103T-F15-2/tp.git,master,Keegan4,,CS2103T-F15-2 GAN ..EGAN,,
https://github.com/AY2627S1-CS2103T-T16-3/tp.git,master,USER-LRK,,CS2103T-T16-3 LEE .. KAI,,
https://github.com/AY2627S1-CS2103T-T17-2/tp.git,master,chetangent,,CS2103T-T17-2 GULL..ETAN,Chetan;Gullapalli Chetan,
https://github.com/AY2627S1-CS2103T-T09-2/tp.git,master,WatsUrProb,,CS2103T-T09-2 JOVA.. ONG,Jovan Ong,
https://github.com/AY2627S1-CS2103T-T09-2/tp.git,master,kaseyho,,CS2103T-T09-2 HO K..HING,Kasey;Kasey Ho Kei Ching,
https://github.com/AY2627S1-CS2103T-W08-3/tp.git,master,yjenexd,,CS2103T-W08-3 KOH .. JUN,Koh Yu Jun;Yu Jun Koh,
https://github.com/AY2627S1-CS2103T-T10-3/tp.git,master,irtan-cell,,CS2103T-T10-3 IRVI.. JIE,Irvin,
https://github.com/AY2627S1-CS2103T-T13-3/tp.git,master,fireinyu,,CS2103T-T13-3 PU Y..U YU,Pu Yu,
https://github.com/AY2627S1-CS2103T-W09-2/tp.git,master,spencercdz,,CS2103T-W09-2 SPEN..HENG,Spencer Chu,
https://github.com/AY2627S1-CS2103T-W09-2/tp.git,master,YujieJWang,,CS2103T-W09-2 WANG..UJIE,Wang Yujie;Yujie,
https://github.com/AY2627S1-CS2103T-F15-2/tp.git,master,ArjoDas,,CS2103T-F15-2 ARJO.. DAS,Arjo;Arjo Das,
https://github.com/AY2627S1-CS2103T-W13-2/tp.git,master,pavan2184,,CS2103T-W13-2 PAVA..ADHU,Pavan Madhu,
https://github.com/AY2627S1-CS2103T-F15-2/tp.git,master,kimjunkuno,,CS2103T-F15-2 NICH.. KEN,,
https://github.com/AY2627S1-CS2103T-T11-1/tp.git,master,aerodart,,CS2103T-T11-1 AU Y..THAN,jon,
https://github.com/AY2627S1-CS2103T-F14a-2/tp.git,master,v1-nce,,CS2103T-F14a-2 ONG ..CENT,Vincent Ong,
https://github.com/AY2627S1-CS2103T-W11-3/tp.git,master,TauzihKhan,,CS2103T-W11-3 TAUZ..KHAN,,
https://github.com/AY2627S1-CS2103T-F14a-3/tp.git,master,weijun72,,CS2103T-F14a-3 TOH .. JUN,Toh Wei Jun,
https://github.com/AY2627S1-CS2103T-F14a-1/tp.git,master,EthanJoshLeong,,CS2103T-F14a-1 ETHA.. WAI,Ethan,
https://github.com/AY2627S1-CS2103T-W14-4/tp.git,master,patientotter,,CS2103T-W14-4 LIM ..RJUN,,
https://github.com/AY2627S1-CS2103T-T12-2/tp.git,master,AaronL248,,CS2103T-T12-2 LEON..ARON,Aaron;aaronleong,
https://github.com/AY2627S1-CS2103T-F09-1/tp.git,master,GeraldFSE,,CS2103T-F09-1 GERA..O EN,Gerald Fong Shao En,
https://github.com/AY2627S1-CS2103T-W13-1/tp.git,master,iansine,,CS2103T-W13-1 IAN ..YANG,Ian Sin,
https://github.com/AY2627S1-CS2103T-T16-1/tp.git,master,dillionlim,,CS2103T-T16-1 LIM ..LION,,
https://github.com/AY2627S1-CS2103T-T11-1/tp.git,master,fuhlie,,CS2103T-T11-1 TAI ..RARD,gt,
https://github.com/AY2627S1-CS2103T-T13-3/tp.git,master,krit004,,CS2103T-T13-3 SUND..NDAR,Krithic,
https://github.com/AY2627S1-CS2103T-T11-1/tp.git,master,srivatsanj27,,CS2103T-T11-1 SRIV..THAN,srivatsan,
https://github.com/AY2627S1-CS2103T-W10-1/tp.git,master,Liu-Yuqi-617,,CS2103T-W10-1 LIU ..YUQI,,
https://github.com/AY2627S1-CS2103T-W11-2/tp.git,master,legned-wenze,,CS2103T-W11-2 LI W..ENZE,lwz;Li Wenze,
https://github.com/AY2627S1-CS2103T-F15-3/tp.git,master,peterpei666,,CS2103T-F15-3 PEI ..TEER,Pei Teer;Peter_Pei,
https://github.com/AY2627S1-CS2103T-F15-3/tp.git,master,zruixuan,,CS2103T-F15-3 ZHAN..XUAN,,
https://github.com/AY2627S1-CS2103T-T13-4/tp.git,master,little-zhenyao,,CS2103T-T13-4 XU Z..NYAO,,
https://github.com/AY2627S1-CS2103T-W10-4/tp.git,master,ZhangHanzhongFox,,CS2103T-W10-4 ZHAN..HONG,,
https://github.com/AY2627S1-CS2103T-T12-2/tp.git,master,yanzhu9,,CS2103T-T12-2 CHEN..NZHU,Yanzhu Chen,
https://github.com/AY2627S1-CS2103T-T13-4/tp.git,master,HXY070103,,CS2103T-T13-4 HU X..YUAN,,
https://github.com/AY2627S1-CS2103T-W10-1/tp.git,master,He-Qianyi,,CS2103T-W10-1 HE Q..ANYI,,
https://github.com/AY2627S1-CS2103T-W10-4/tp.git,master,stephen-118,,CS2103T-W10-4 ZHU ..LONG,Stephen Zhu,
https://github.com/AY2627S1-CS2103T-F13-1/tp.git,master,keejuanfoo,,CS2103T-F13-1 FOO ..JUAN,Kee Juan,
https://github.com/AY2627S1-CS2103T-F09-3/tp.git,master,chee-yew,,CS2103T-F09-3 WONG.. YEW,Wong Chee Yew,
https://github.com/AY2627S1-CS2103T-F09-1/tp.git,master,jiahw4ng,,CS2103T-F09-1 WANG..AHUA,Wang Jiahua,
https://github.com/AY2627S1-CS2103T-W14-3/tp.git,master,felicia-duwana,,CS2103T-W14-3 FELI..WANA,Felicia,
https://github.com/AY2627S1-CS2103T-T15-4/tp.git,master,its-shoutime,,CS2103T-T15-4 CHEN..U'AN,Shou,
https://github.com/AY2627S1-CS2103T-W08-2/tp.git,master,khangsian0412,,CS2103T-W08-2 YEOH..SIAN,Yeoh Khang Sian,
https://github.com/AY2627S1-CS2103T-W09-1/tp.git,master,yxlyx,,CS2103T-W09-1 LIM ..U XI,,
https://github.com/AY2627S1-CS2103T-F12-1/tp.git,master,ananyakharbanda,,CS2103T-F12-1 ANAN..ANDA,Ananya Kharbanda;ananya kharbanda,
https://github.com/AY2627S1-CS2103T-T11-4/tp.git,master,Lol-Hi,,CS2103T-T11-4 KOH ..HENG,Koh Luck Heng;lol-hi,
https://github.com/AY2627S1-CS2103T-F09-2a/tp.git,master,yiilinzhang,,CS2103T-F09-2 ZHAN..ILIN,Zhang Yilin;yilinz,
https://github.com/AY2627S1-CS2103T-F11-3/tp.git,master,kong-xin-yang,,CS2103T-F11-3 KONG..YANG,Kong Xin Yang;Xin Yang,
https://github.com/AY2627S1-CS2103T-T11-1/tp.git,master,cibichandar,,CS2103T-T11-1 K.CI..NDAR,,
https://github.com/AY2627S1-CS2103T-F11-3/tp.git,master,Xuenyin,,CS2103T-F11-3 QUAH.. YIN,,
https://github.com/AY2627S1-CS2103T-F08-3/tp.git,master,YUJ1N06,,CS2103T-F08-3 CHAN..GENE,Eugene,
https://github.com/AY2627S1-CS2103T-T08-1/tp.git,master,carlyngohing,,CS2103T-T08-1 CARL.. MIN,,
https://github.com/AY2627S1-CS2103T-F10-3/tp.git,master,psq21,,CS2103T-F10-3 PHUN..I QI,Phung SQ;psq,
https://github.com/AY2627S1-CS2103T-T12-4/tp.git,master,limenxi07,,CS2103T-T12-4 LIM ..N XI,Lim En Xi,
https://github.com/AY2627S1-CS2103T-W14-2/tp.git,master,TYS2,,CS2103T-W14-2 TENG.. SEE,Teng Ywee See,
https://github.com/AY2627S1-CS2103T-W09-3/tp.git,master,ffynch,,CS2103T-W09-3 FYN ..U EN,Fyn,
https://github.com/AY2627S1-CS2103T-F10-3/tp.git,master,HSE888,,CS2103T-F10-3 HOO ..E EN,Shee En,
https://github.com/AY2627S1-CS2103T-T14-2/tp.git,master,Oofky,,CS2103T-T14-2 HO K..YING,Ho Ke Ying;keying,
https://github.com/AY2627S1-CS2103T-F09-1/tp.git,master,chausarahnusitems-tech,,CS2103T-F09-1 CHAU..ARAH,Sarah Chau,
https://github.com/AY2627S1-CS2103T-T15-4/tp.git,master,lilosy,,CS2103T-T15-4 ASEE..NATH,aseera,
https://github.com/AY2627S1-CS2103T-W09-4/tp.git,master,firebean850,,CS2103T-W09-4 CHIA..AVAN,firebean,
https://github.com/AY2627S1-CS2103T-F14a-3/tp.git,master,nsriram18,,CS2103T-F14a-3 NARA..IRAM,N Sriram,
https://github.com/AY2627S1-CS2103T-T17-4/tp.git,master,ZSDcode,,CS2103T-T17-4 DYLA.. TAY,,
https://github.com/AY2627S1-CS2103T-T10-1/tp.git,master,ClarenceChoo,,CS2103T-T10-1 CLAR..A YI,Clarence Choo Jia  Yi;Clarence Choo Jia Yi,
https://github.com/AY2627S1-CS2103T-W11-1/tp.git,master,jixiang-t,,CS2103T-W11-1 TAN ..IANG,Ji Xiang,
https://github.com/AY2627S1-CS2103T-F12-4/tp.git,master,Qu-Jingran,,CS2103T-F12-4 QU J..GRAN,x_q_h,
https://github.com/AY2627S1-CS2103T-W09-4/tp.git,master,BurpZes,,CS2103T-W09-4 WILS.. JUN,Wilson,
https://github.com/AY2627S1-CS2103T-T16-3/tp.git,master,MattGoddd,,CS2103T-T16-3 GOH ..THEW,,
https://github.com/AY2627S1-CS2103T-F14-2/tp.git,master,lohjn,,CS2103T-F14-2 LOH .. NIN,,
https://github.com/AY2627S1-CS2103T-T15-3/tp.git,master,megspq,,CS2103T-T15-3 HILL..ANTO,Hillary Megan Arianto,
https://github.com/AY2627S1-CS2103T-F14a-2/tp.git,master,EkulNich,,CS2103T-F14a-2 LUKE.. YAO,Luke Chin;Luke Chin Yao,
https://github.com/AY2627S1-CS2103T-W12-2/tp.git,master,Atqui-404,,CS2103T-W12-2 CHER..I YI,Abyss;Cheryl,
https://github.com/AY2627S1-CS2103T-F11-4/tp.git,master,Tristan914684,,CS2103T-F11-4 LYN ..STAN,Tristan Lyn,
https://github.com/AY2627S1-CS2103T-T12-1/tp.git,master,YeXintai,,CS2103T-T12-1 YE X..NTAI,Ye Xintai,
https://github.com/AY2627S1-CS2103T-T15-1/tp.git,master,justin2oo,,CS2103T-T15-1 TOO ..STIN,Justin Too,
https://github.com/AY2627S1-CS2103T-W11-2/tp.git,master,rhinesonn,,CS2103T-W11-2 RHIN..IANG,Rhineson;Rhineson Kok Ren Xiang,
https://github.com/AY2627S1-CS2103T-W13-1/tp.git,master,dbs15329,,CS2103T-W13-1 DHAN..ETTY,Dhanush bhoja shetty,
https://github.com/AY2627S1-CS2103T-T15-3/tp.git,master,Amritaa66,,CS2103T-T15-3 AMRI..ALAM,Amritaa,
https://github.com/AY2627S1-CS2103T-F09-2a/tp.git,master,Suki899,,CS2103T-F09-2 MANE..ICHA,SukiApicha,
https://github.com/AY2627S1-CS2103T-F13-3/tp.git,master,ultramanarm,,CS2103T-F13-3 ZHU ..I YU,Zhu Zhi Yu,
https://github.com/AY2627S1-CS2103T-F12-4/tp.git,master,yx-0000,,CS2103T-F12-4 YU Y..UXIN,yuxin,
https://github.com/AY2627S1-CS2103T-T15-4/tp.git,master,Kenneth-Chia,,CS2103T-T15-4 KENN.. JIE,Kenneth;Kenneth Chia,
https://github.com/AY2627S1-CS2103T-T11-3/tp.git,master,jyothsana-narendran,,CS2103T-T11-3 JYOT..DRAN,,
https://github.com/AY2627S1-CS2103T-T15-3/tp.git,master,pratixksha,,CS2103T-T15-3 PRAT..AVAN,Pratiksha,
https://github.com/AY2627S1-CS2103T-W14-2/tp.git,master,xinyu0410,,CS2103T-W14-2 XUE ..INYU,,
https://github.com/AY2627S1-CS2103T-W13-3/tp.git,master,gwenlim89,,CS2103T-W13-3 LIM ..OLIN,,
https://github.com/AY2627S1-CS2103T-T11-2/tp.git,master,ginger-zjz,,CS2103T-T11-2 ZHAN..NGZE,Ginger,
https://github.com/AY2627S1-CS2103T-T14-2/tp.git,master,aayanvatsa04,,CS2103T-T14-2 AAYA..ATSA,Aayan Vatsa,
https://github.com/AY2627S1-CS2103T-T15-2/tp.git,master,Lim-04,,CS2103T-T15-2 LIM ..JEFF,Jeff;Lim;Lim Jun Hong Jeff,
https://github.com/AY2627S1-CS2103T-F12-2/tp.git,master,Papangkorn-Pann,,CS2103T-F12-2 WANG..KORN,Papangkorn Wangchochedkun,
https://github.com/AY2627S1-CS2103T-T15-2/tp.git,master,luziyue525,,CS2103T-T15-2 LU Z..IYUE,LUZIYUE,
https://github.com/AY2627S1-CS2103T-F13-3/tp.git,master,ys000009,,CS2103T-F13-3 YANG..SHUO,Yang,
https://github.com/AY2627S1-CS2103T-T17-3/tp.git,master,bany-nguyen,,CS2103T-T17-3 NGUY..UONG,Bany;bany,
https://github.com/AY2627S1-CS2103T-T17-1/tp.git,master,zao05,,CS2103T-T17-1 LIM .. ZAO,Lim Qi Zao,
https://github.com/AY2627S1-CS2103T-T11-4/tp.git,master,IncharaPraveen,,CS2103T-T11-4 INCH..VEEN,Inchara,
https://github.com/AY2627S1-CS2103T-F11-2/tp.git,master,xdJanaut,,CS2103T-F11-2 JUST.. BIN,,
https://github.com/AY2627S1-CS2103T-W08-4/tp.git,master,toomintyy,,CS2103T-W08-4 MIN ..I HA,toominty,
https://github.com/AY2627S1-CS2103T-T17-1/tp.git,master,kks070206,,CS2103T-T17-1 KHOR..HEAN,Khor Kai Shean,
https://github.com/AY2627S1-CS2103T-F08-1/tp.git,master,ewonglh,,CS2103T-F08-1 EDMU..HONG,Edmund Wong,
https://github.com/AY2627S1-CS2103T-W13-4/tp.git,master,HONYIEN,,CS2103T-W13-4 CHOO..YIEN,,
https://github.com/AY2627S1-CS2103T-T17-4/tp.git,master,AsherNg,,CS2103T-T17-4 NG J..SHER,Asher Ng,
https://github.com/AY2627S1-CS2103T-F12-2/tp.git,master,wellbakedquiche,,CS2103T-F12-2 KEIS..BLES,,
https://github.com/AY2627S1-CS2103T-T15-4/tp.git,master,Umaiza-15,,CS2103T-T15-4 UMAI..AIZA,Umaiza,
https://github.com/AY2627S1-CS2103T-W13-4/tp.git,master,kaih4n,,CS2103T-W13-4 TAN .. HAN,,
https://github.com/AY2627S1-CS2103T-T10-1/tp.git,master,pang16334,,CS2103T-T10-1 PANG.. JIE,Yi Jie,
https://github.com/AY2627S1-CS2103T-W14-3/tp.git,master,joash-chen,,CS2103T-W14-3 JOAS.. KAI,,
https://github.com/AY2627S1-CS2103T-F13-3/tp.git,master,ben58882,,CS2103T-F13-3 BENJ..YONG,Benjamin Ng,
https://github.com/AY2627S1-CS2103T-W09-4/tp.git,master,JonathanZheng,,CS2103T-W09-4 JONA..AHAO,Jonathan Zheng,
https://github.com/AY2627S1-CS2103T-W08-3/tp.git,master,Sakthi-dev-tech,,CS2103T-W08-3 MEEN..SVAR,Sakthi;Sakthi-PC;SakthiDev,
https://github.com/AY2627S1-CS2103T-T17-1/tp.git,master,Antelyuu,,CS2103T-T17-1 JOEL..HENG,Joel Rhys Chee,
https://github.com/AY2627S1-CS2103T-W11-4/tp.git,master,Legalunicorn,,CS2103T-W11-4 NATH.. TOH,Hiroc;Nathan Yeo w11,
https://github.com/AY2627S1-CS2103T-W13-2/tp.git,master,sowyoung,,CS2103T-W13-2 TAN ..OUNG,,
https://github.com/AY2627S1-CS2103T-T15-1/tp.git,master,lingsongc,,CS2103T-T15-1 CHEN..SONG,Ling Song,
https://github.com/AY2627S1-CS2103T-F13-3/tp.git,master,ErnestChuaa,,CS2103T-F13-3 CHUA..NEST,Ernest Chua,
https://github.com/AY2627S1-CS2103T-T09-4/tp.git,master,TzeYuon,,CS2103T-T09-4 CHAN..YUON,,
https://github.com/AY2627S1-CS2103T-T17-2/tp.git,master,Austin-Chia,,CS2103T-T17-2 AUST.. SEN,Austin-chia,
https://github.com/AY2627S1-CS2103T-W14-1/tp.git,master,unoptimalsuperstructure,,CS2103T-W14-1 ALER..MING,Aleron Tham;KosmosKosumo,
https://github.com/AY2627S1-CS2103T-T14-1/tp.git,master,zkw2004,,CS2103T-T14-1 ZHAN..IWEN,,
https://github.com/AY2627S1-CS2103T-W08-1/tp.git,master,JellehBelleh,,CS2103T-W08-1 NG M..XUAN,Ming Xuan,
https://github.com/AY2627S1-CS2103T-F08-3/tp.git,master,Antz5lyfe,,CS2103T-F08-3 ANTO.. JUN,Anton Ang Jia Jun,
https://github.com/AY2627S1-CS2103T-T12-3/tp.git,master,henrlly,,CS2103T-T12-3 HENR..GJUN,Henry;Henry Lee,
https://github.com/AY2627S1-CS2103T-F13-1/tp.git,master,LINGSIHAN,,CS2103T-F13-1 LING.. HAN,Ling SI Han,
https://github.com/AY2627S1-CS2103T-W10-2/tp.git,master,vishnuroxx,,CS2103T-W10-2 RAJK..SHNU,Vishnu Kumar,
https://github.com/AY2627S1-CS2103T-W11-1/tp.git,master,jaydenleungky,,CS2103T-W11-1 LEUN..YDEN,Jayden,
https://github.com/AY2627S1-CS2103T-T17-1/tp.git,master,qztoh,,CS2103T-T17-1 TOH ..HANG,,
https://github.com/AY2627S1-CS2103T-W14-1/tp.git,master,scoot1234,,CS2103T-W14-1 LO Y..YANG,Yong Yang,
https://github.com/AY2627S1-CS2103T-T17-4/tp.git,master,chzzzzzzzzzz,,CS2103T-T17-4 CHEW.. ZHI,,
https://github.com/AY2627S1-CS2103T-T08-4/tp.git,master,Jigusheng,,CS2103T-T08-4 FENG..G YI,,
https://github.com/AY2627S1-CS2103T-W12-2/tp.git,master,HoneycombHen,,CS2103T-W12-2 LIM ..RICK,Hendrick,
https://github.com/AY2627S1-CS2103T-T08-4/tp.git,master,NgXuXian,,CS2103T-T08-4 NG X..XIAN,,
https://github.com/AY2627S1-CS2103T-T09-1/tp.git,master,adwaithanoop,,CS2103T-T09-1 ADWA..NOOP,Adwaith,
https://github.com/AY2627S1-CS2103T-W10-4/tp.git,master,LEE-wz,,CS2103T-W10-4 LEE .. ZHI,,
https://github.com/AY2627S1-CS2103T-W13-4/tp.git,master,ChesterLZW,,CS2103T-W13-4 CHES.. WEI,Chester;chester,
https://github.com/AY2627S1-CS2103T-T14-4/tp.git,master,currycurry11,,CS2103T-T14-4 JOSH..YONG,Joshua Lee,
https://github.com/AY2627S1-CS2103T-T16-4/tp.git,master,Sanjith-Gunasekaran,,CS2103T-T16-4 SANJ..ARAN,Sanjith Gunasekaran,
https://github.com/AY2627S1-CS2103T-W13-2/tp.git,master,ewje,,CS2103T-W13-2 ETHA..G EN,,
https://github.com/AY2627S1-CS2103T-T13-2/tp.git,master,YourHand29,,CS2103T-T13-2 CHAW..XUAN,Qi Xuan;Qi Xuan Chaw,
https://github.com/AY2627S1-CS2103T-F13-2/tp.git,master,Alpharion,,CS2103T-F13-2 ALPH..HANG,Alpha;Alpha Hong Yik Hang,
https://github.com/AY2627S1-CS2103T-T08-4/tp.git,master,Haocheeks,,CS2103T-T08-4 XU H..HENG,,
https://github.com/AY2627S1-CS2103T-T15-2/tp.git,master,yangjieloh,,CS2103T-T15-2 LOH .. JIE,Yang Jie,
https://github.com/AY2627S1-CS2103T-W11-2/tp.git,master,seadrickbug,,CS2103T-W11-2 CHEN..DRIC,Cedric,
https://github.com/AY2627S1-CS2103T-T17-2/tp.git,master,qiyuannn,,CS2103T-T17-2 KONG..YUAN,Kong Qi Yuan;qiyuan,
https://github.com/AY2627S1-CS2103T-T08-1/tp.git,master,ys-243,,CS2103T-T08-1 YONG.. SEE,Yong See,
https://github.com/AY2627S1-CS2103T-F09-1/tp.git,master,RogerZhang888,,CS2103T-F09-1 ROGE..NHAI,Roger Zhang,
https://github.com/AY2627S1-CS2103T-T13-2/tp.git,master,eeyang2026,,CS2103T-T13-2 ANG ..YANG,Ang Ee Yang,
https://github.com/AY2627S1-CS2103T-W13-2/tp.git,master,EvanNg213,,CS2103T-W13-2 NG G..EVAN,Evan Ng,
https://github.com/AY2627S1-CS2103T-W13-3/tp.git,master,wkc75,,CS2103T-W13-3 WONG..HONG,wkc,
https://github.com/AY2627S1-CS2103T-W13-1/tp.git,master,WesleyTay25,,CS2103T-W13-1 TAY ..SLEY,Wesley;Wesley Tay,
https://github.com/AY2627S1-CS2103T-F11-4/tp.git,master,skhaw2004,,CS2103T-F11-4 KHAW..UART,stuart;stuart khaw,
https://github.com/AY2627S1-CS2103T-W13-3/tp.git,master,SomaadityaSamal,,CS2103T-W13-3 SAMA..ITYA,Samal;Somaaditya Samal,
https://github.com/AY2627S1-CS2103T-T17-3/tp.git,master,hongyuuuu,,CS2103T-T17-3 CHIN..G YU,Hong Yu,
https://github.com/AY2627S1-CS2103T-W12-2/tp.git,master,jvally,,CS2103T-W12-2 JALL..HESH,Jally,
https://github.com/AY2627S1-CS2103T-T16-2/tp.git,master,mingzanzee,,CS2103T-T16-2 ZEE .. ZAN,Zee Ming Zan,
https://github.com/AY2627S1-CS2103T-T16-2/tp.git,master,StrixGoldhorn,,CS2103T-T16-2 TAN ..AENG,SG Tan,
https://github.com/AY2627S1-CS2103T-W10-2/tp.git,master,Totonyny511,,CS2103T-W10-2 ZHAN..ANYU,Tony,
https://github.com/AY2627S1-CS2103T-T15-3/tp.git,master,tchgf,,CS2103T-T15-3 FU L..NGYU,Fu Lingyu,
https://github.com/AY2627S1-CS2103T-T08-2/tp.git,master,SmileSoCute,,CS2103T-T08-2 JOSH..CHEE,Joshua Tan,
https://github.com/AY2627S1-CS2103T-T09-1/tp.git,master,ethanlaiii,,CS2103T-T09-1 LAI ..THAN,Ethan;Lai Mun Weng Ethan,
https://github.com/AY2627S1-CS2103T-F09-2a/tp.git,master,shiverin,,CS2103T-F09-2 ZHAO..ZHEN,Shiverin,
https://github.com/AY2627S1-CS2103T-T08-4/tp.git,master,neo-jonathann,,CS2103T-T08-4 NEO ..THAN,Jonathan Neo,
https://github.com/AY2627S1-CS2103T-W08-3/tp.git,master,SpoinorNUS,,CS2103T-W08-3 LIN ..RUEI,Lin Bo-Ruei;Spoinor,
https://github.com/AY2627S1-CS2103T-F08-3/tp.git,master,keyfurrr67,,CS2103T-F08-3 KIEF.. LAU,kiefer,
https://github.com/AY2627S1-CS2103T-F09-3/tp.git,master,yxyx88,,CS2103T-F09-3 CHUA.. XUN,Yi Xun,
https://github.com/AY2627S1-CS2103T-W08-4/tp.git,master,aston-ish,,CS2103T-W08-4 ASTO..G YI,Aston,
https://github.com/AY2627S1-CS2103T-F12-4/tp.git,master,My2h,,CS2103T-F12-4 THAW..HTOO,Myat,
https://github.com/AY2627S1-CS2103T-W14-1/tp.git,master,Ciltan,,CS2103T-W14-1 TANG..CHEN,,
https://github.com/AY2627S1-CS2103T-W08-4/tp.git,master,jianyang999,,CS2103T-W08-4 TEO ..YANG,Jian Yang,
https://github.com/AY2627S1-CS2103T-W12-4/tp.git,master,alpacajc,,CS2103T-W12-4 LIM .. JIE,Chang Jie,
https://github.com/AY2627S1-CS2103T-W13-2/tp.git,master,nyxkk,,CS2103T-W13-2 NIX ..HONG,Nix Koh,
https://github.com/AY2627S1-CS2103T-F11-1/tp.git,master,Ken-Tat,,CS2103T-F11-1 KEN .. HUI,Ken Tay,
https://github.com/AY2627S1-CS2103T-F11-4/tp.git,master,parkankai,,CS2103T-F11-4 PARK.. KAI,innocent;park,
https://github.com/AY2627S1-CS2103T-W08-2/tp.git,master,xinyu-zxy,,CS2103T-W08-2 ZHOU..INYU,Zhou Xinyu,
https://github.com/AY2627S1-CS2103T-T16-3/tp.git,master,valencia127,,CS2103T-T16-3 CHUA..STIN,Justin;Justin Chua,
https://github.com/AY2627S1-CS2103T-T08-3/tp.git,master,markadodo,,CS2103T-T08-3 WANG..DUAN,Mark,
https://github.com/AY2627S1-CS2103T-T12-4/tp.git,master,enchantedcolesaw,,CS2103T-T12-4 ZHEN..XIAO,,
https://github.com/AY2627S1-CS2103T-W12-2/tp.git,master,Cysiac,,CS2103T-W12-2 CAI ..HENG,Cai Yongsheng;Yongsheng,
https://github.com/AY2627S1-CS2103T-W08-2/tp.git,master,chunghean,,CS2103T-W08-2 WONG..HEAN,Chung Hean,
https://github.com/AY2627S1-CS2103T-W11-1/tp.git,master,elsxyss,,CS2103T-W11-1 EVAN.. XUN,Evan,
https://github.com/AY2627S1-CS2103T-F09-4/tp.git,master,Vanillajohn,,CS2103T-F09-4 AIDA.. HAN,Aidan Chiang,
https://github.com/AY2627S1-CS2103T-T08-2/tp.git,master,Honeybee1011,,CS2103T-T08-2 EU G..SHUA,Honeybee101;Joshua,
https://github.com/AY2627S1-CS2103T-T11-3/tp.git,master,geraldnyeo,,CS2103T-T11-3 GERA..NYEO,Gerald,
https://github.com/AY2627S1-CS2103T-W11-2/tp.git,master,gerardlke,,CS2103T-W11-2 GERA..I EN,Gerard,
https://github.com/AY2627S1-CS2103T-F09-4/tp.git,master,Polar1605,,CS2103T-F09-4 CHEW..FRED,Alfred Chew;polar1605,
https://github.com/AY2627S1-CS2103T-W13-3/tp.git,master,Ayushjain8541,,CS2103T-W13-3 AYUS..JAIN,Ayush;Ayush Jain,
https://github.com/AY2627S1-CS2103T-F10-3/tp.git,master,joelyrk,,CS2103T-F10-3 YAP ..JOEL,Joel,
https://github.com/AY2627S1-CS2103T-T10-2/tp.git,master,ed3yuu,,CS2103T-T10-2 EDRI..M YU,Edrich Yu,
https://github.com/AY2627S1-CS2103T-T12-1/tp.git,master,LittleLittleLittleR,,CS2103T-T12-1 RAPH..SENG,Raphael Yeo Tong Seng;RaphaelYeo,
https://github.com/AY2627S1-CS2103T-W09-1/tp.git,master,riceric8,,CS2103T-W09-1 ERIC..CHAN,Eric,
https://github.com/AY2627S1-CS2103T-T14-2/tp.git,master,yyihengg,,CS2103T-T14-2 YOUN..HENG,Young Yi Heng,
https://github.com/AY2627S1-CS2103T-W08-4/tp.git,master,Eskalade,,CS2103T-W08-4 VINC.. PEH,Vincent Peh,
https://github.com/AY2627S1-CS2103T-F13-4/tp.git,master,savemywifi,,CS2103T-F13-4 LEE ..N YI,Jian Yi,
https://github.com/AY2627S1-CS2103T-F11-2/tp.git,master,juniuslui,,CS2103T-F11-2 JUNI..FENG,,
https://github.com/AY2627S1-CS2103T-T13-1/tp.git,master,draxche,,CS2103T-T13-1 CHON..I LE,Kaile,
https://github.com/AY2627S1-CS2103T-W13-1/tp.git,master,jonkohzy,,CS2103T-W13-1 JONA..OYUN,Jonathan Koh;jonathan koh,
https://github.com/AY2627S1-CS2103T-F14a-3/tp.git,master,RightHandSide,,CS2103T-F14a-3 LEE ..HENG,LHS;Lee Hong Sheng,
https://github.com/AY2627S1-CS2103T-F11-3/tp.git,master,Zhikai-Koh,,CS2103T-F11-3 KOH .. KAI,Koh Zhi Kai,
https://github.com/AY2627S1-CS2103T-T09-1/tp.git,master,matthewbiju,,CS2103T-T09-1 MATT..ORGE,Matthew Biju George,
https://github.com/AY2627S1-CS2103T-F08-1/tp.git,master,chocoHacks33,,CS2103T-F08-1 THIR..UMAR,Prakash,
https://github.com/AY2627S1-CS2103T-T10-4/tp.git,master,HIIMHEY,,CS2103T-T10-4 CHAN..RIEL,,
https://github.com/AY2627S1-CS2103T-T11-3/tp.git,master,Applehihi,,CS2103T-T11-3 RYAN.. BIN,Ryan,
https://github.com/AY2627S1-CS2103T-T11-3/tp.git,master,randallsojm,,CS2103T-T11-3 SO J..DALL,So Jun Ming Randall,
https://github.com/AY2627S1-CS2103T-F12-1/tp.git,master,sammeowwww,,CS2103T-F12-1 LAU ..MUEL,,
https://github.com/AY2627S1-CS2103T-T15-3/tp.git,master,LucasNgui,,CS2103T-T15-3 LUCA.. ZEN,,
https://github.com/AY2627S1-CS2103T-W10-4/tp.git,master,cjldylan,,CS2103T-W10-4 CHEW..YLAN,,
https://github.com/AY2627S1-CS2103T-T13-2/tp.git,master,nerrad2004,,CS2103T-T13-2 DARR..YANG,Darren Song,
https://github.com/AY2627S1-CS2103T-F13-4/tp.git,master,pranavp311,,CS2103T-F13-4 PAPP..ANAV,Pranav P;Pranav Pappu,
https://github.com/AY2627S1-CS2103T-F12-1/tp.git,master,8ryanl33,,CS2103T-F12-1 BRYA.. YOU,,
https://github.com/AY2627S1-CS2103T-F11-2/tp.git,master,jaredseezw,,CS2103T-F11-2 SEE ..ARED,Jared,
https://github.com/AY2627S1-CS2103T-F11-4/tp.git,master,zxtay3,,CS2103T-F11-4 TAY ..XIAN,Tay Zhong Xian;zhongxian;zx,
https://github.com/AY2627S1-CS2103T-T09-1/tp.git,master,Azora04,,CS2103T-T09-1 ZHAN..YANG,zhuoyang,
https://github.com/AY2627S1-CS2103T-W12-3/tp.git,master,winstonmulyadinus,,CS2103T-W12-3 WINS..YADI,Winston;winstonnus,
https://github.com/AY2627S1-CS2103T-F08-4/tp.git,master,yeoznc,,CS2103T-F08-4 YEO ..NING,YeoZn,
https://github.com/AY2627S1-CS2103T-W09-1/tp.git,master,zwqqwz123,,CS2103T-W09-1 QUAH.. WEI,,
https://github.com/AY2627S1-CS2103T-W12-4/tp.git,master,Cha0yue,,CS2103T-W12-4 HE C..CHAO,,
https://github.com/AY2627S1-CS2103T-T10-2/tp.git,master,coffee-678,,CS2103T-T10-2 LIN ..HONG,mh,
https://github.com/AY2627S1-CS2103T-T16-1/tp.git,master,ruihongc,,CS2103T-T16-1 CHUA..HONG,Chua Rui Hong,
https://github.com/AY2627S1-CS2103T-F14-3/tp.git,master,Yik-Wee,,CS2103T-F14-3 KOH .. WEE,Yik Wee,
https://github.com/AY2627S1-CS2103T-T16-1/tp.git,master,CJBuzz,,CS2103T-T16-1 NG S.. JAY,CJ,
https://github.com/AY2627S1-CS2103T-T14-2/tp.git,master,aahilma,,CS2103T-T14-2 AAHI..RISH,Aahil,
https://github.com/AY2627S1-CS2103T-F09-3/tp.git,master,Shir0-Kage,,CS2103T-F09-3 ZHOU..EHAO,Zehao,
https://github.com/AY2627S1-CS2103T-T16-2/tp.git,master,Kia-Lok,,CS2103T-T16-2 MAX .. LOK,Max Tan Kia Lok,
https://github.com/AY2627S1-CS2103T-T08-2/tp.git,master,alrightokguy,,CS2103T-T08-2 JUST..HONG,Justen,
https://github.com/AY2627S1-CS2103T-T16-2/tp.git,master,ooixs,,CS2103T-T16-2 OOI ..SHAN,Xuan Shan,
https://github.com/AY2627S1-CS2103T-W12-1/tp.git,master,Manutd1234,,CS2103T-W12-1 IAN ..YUAN,Ian Abiel Wangsa,
https://github.com/AY2627S1-CS2103T-T17-4/tp.git,master,Dzdizzy,,CS2103T-T17-4 DARR..ZHUO,,
https://github.com/AY2627S1-CS2103T-F08-1/tp.git,master,BoonHow97,,CS2103T-F08-1 HO B.. HOW,Ho Boon How,
https://github.com/AY2627S1-CS2103T-W11-4/tp.git,master,Brendan-Lim,,CS2103T-W11-4 LIM ..NDAN,Brendan Lim,
https://github.com/AY2627S1-CS2103T-T16-2/tp.git,master,origami10004,,CS2103T-T16-2 TAN .. BIN,Origami10004;origami100,
https://github.com/AY2627S1-CS2103T-T17-4/tp.git,master,NiJian3369,,CS2103T-T17-4 NI J..JIAN,Lalalain;NI JIAN,
https://github.com/AY2627S1-CS2103T-T16-4/tp.git,master,junh4nn,,CS2103T-T16-4 LIM .. HAN,jun han,
https://github.com/AY2627S1-CS2103T-T10-1/tp.git,master,iians0n,,CS2103T-T10-1 ANSO.. HOW,Anson,
https://github.com/AY2627S1-CS2103T-F11-1/tp.git,master,chiacxx,,CS2103T-F11-1 CHIA..VIER,Xavier Chia,
https://github.com/AY2627S1-CS2103T-T15-2/tp.git,master,yangzhiloh,,CS2103T-T15-2 LOH .. ZHI,Loh Yang Zhi;YZLoh,
https://github.com/AY2627S1-CS2103T-T11-4/tp.git,master,kungfuxiongmao,,CS2103T-T11-4 ZHU ..HANG,Zhu Jiahang,
https://github.com/AY2627S1-CS2103T-T09-4/tp.git,master,JamesLee5182,,CS2103T-T09-4 KEAN.. JIE,Kean Lai;Kean-Lai;Kean,
https://github.com/AY2627S1-CS2103T-T16-1/tp.git,master,jxinnan,,CS2103T-T16-1 JIAN..NNAN,,
https://github.com/AY2627S1-CS2103T-F13-2/tp.git,master,jimmylijy12,,CS2103T-F13-2 LI J..UNYU,JimmyIsAwesome12;jimmyli,
https://github.com/AY2627S1-CS2103T-W11-3/tp.git,master,DhruvBawa,,CS2103T-W11-3 BAWA..NISH,Bawa Dhruv Munish,
https://github.com/AY2627S1-CS2103T-T12-3/tp.git,master,ViincentLim,,CS2103T-T12-3 VINC..G EN,Vincent Lim;vincentlim,
https://github.com/AY2627S1-CS2103T-W09-2/tp.git,master,XieKaiwen,,CS2103T-W09-2 XIE ..IWEN,Xie Kaiwen,
https://github.com/AY2627S1-CS2103T-T13-2/tp.git,master,aintnoweii,,CS2103T-T13-2 CHAN..IBIN,Weibin,
https://github.com/AY2627S1-CS2103T-T11-1/tp.git,master,zikiai,,CS2103T-T11-1 AI Z..ZIQI,Ai ZiQi,
https://github.com/AY2627S1-CS2103T-T12-1/tp.git,master,rayyanwong,,CS2103T-T12-1 RAYY..WONG,Rayyan,
https://github.com/AY2627S1-CS2103T-W12-4/tp.git,master,HeYue474,,CS2103T-W12-4 HE Y.. YUE,He Yue,
https://github.com/AY2627S1-CS2103T-T13-3/tp.git,master,linus-teo,,CS2103T-T13-3 TEO ..INUS,Linus Teo;Teo Zhi Wei Linus,
https://github.com/AY2627S1-CS2103T-T17-3/tp.git,master,Eddrick-23,,CS2103T-T17-3 EDDR..ANDO,Eddrick,
https://github.com/AY2627S1-CS2103T-F09-3/tp.git,master,robertlivando,,CS2103T-F09-3 ROBE..ANDO,Robert Livando,
https://github.com/AY2627S1-CS2103T-T14-3/tp.git,master,hytradebridge,,CS2103T-T14-3 HUAN..HENG,huangjc,
https://github.com/AY2627S1-CS2103T-T13-4/tp.git,master,pinxinfang,,CS2103T-T13-4 FANG.. XIN,Fang Pin Xin;pinxin,
https://github.com/AY2627S1-CS2103T-W12-3/tp.git,master,yujiankoh,,CS2103T-W12-3 KOH ..JIAN,Koh Yu Jian;Yu Jian,
https://github.com/AY2627S1-CS2103T-W08-2/tp.git,master,anderschow,,CS2103T-W08-2 ANDE.. TZE,Anders Chow,
https://github.com/AY2627S1-CS2103T-F11-4/tp.git,master,sealfromdowntown,,CS2103T-F11-4 LIM ..HONG,,
https://github.com/AY2627S1-CS2103T-T15-1/tp.git,master,wongzhongxian,,CS2103T-T15-1 WONG..XIAN,Wong Zhong Xian;ZX,
https://github.com/AY2627S1-CS2103T-W11-4/tp.git,master,rayyngg,,CS2103T-W11-4 NG Z.. RAY,Ray,
https://github.com/AY2627S1-CS2103T-F11-2/tp.git,master,imgorf,,CS2103T-F11-2 JASO.. LOH,Jason Aurelius Loh;Jason Loh,
https://github.com/AY2627S1-CS2103T-F08-3/tp.git,master,JimiBong,,CS2103T-F08-3 BONG..JIMI,"Bong Wee Sern, Jimi;Jimi;Jimi Bong",
https://github.com/AY2627S1-CS2103T-T09-1/tp.git,master,lawjiakai11,,CS2103T-T09-1 LAW .. KAI,jiakai,
https://github.com/AY2627S1-CS2103T-W11-4/tp.git,master,Sea1vester,,CS2103T-W11-4 SYLV..KIAT,Sylvester,
https://github.com/AY2627S1-CS2103T-F09-2a/tp.git,master,EL-NAIT,,CS2103T-F09-2 YU T..ANLE,,
https://github.com/AY2627S1-CS2103T-T14-4/tp.git,master,mgjk04,,CS2103T-T14-4 GOH ..RCUS,Marcus Goh,
https://github.com/AY2627S1-CS2103T-T13-4/tp.git,master,zzzhiyuan-77,,CS2103T-T13-4 NI Z..YUAN,,
https://github.com/AY2627S1-CS2103T-W10-2/tp.git,master,ryan24chua,,CS2103T-W10-2 CHUA..RYAN,Ryan Chua;RyanChua,
https://github.com/AY2627S1-CS2103T-W08-3/tp.git,master,EdmundTan37,,CS2103T-W08-3 EDMU.. TAN,Edmund Tan,
https://github.com/AY2627S1-CS2103T-T14-4/tp.git,master,isaactay9856,,CS2103T-T14-4 TAY ..SAAC,Isaac Tay,
https://github.com/AY2627S1-CS2103T-W11-4/tp.git,master,sntan1214,,CS2103T-W11-4 SEAN.. TAN,Sean Tan,
https://github.com/AY2627S1-CS2103T-T13-4/tp.git,master,dafadlaw,,CS2103T-T13-4 CHAN..ERON,,
https://github.com/AY2627S1-CS2103T-W13-4/tp.git,master,preyjwal,,CS2103T-W13-4 PRAK..JWAL,Prajwal;Prakash Prajwal,
https://github.com/AY2627S1-CS2103T-W11-1/tp.git,master,juinron,,CS2103T-W11-1 NG J.. RON,,
https://github.com/AY2627S1-CS2103T-T08-3/tp.git,master,yukemii,,CS2103T-T08-3 YU K..E MI,Yu Ke Mi,
https://github.com/AY2627S1-CS2103T-F08-4/tp.git,master,angus-yxz,,CS2103T-F08-4 YIM ..NGUS,,
https://github.com/AY2627S1-CS2103T-F14a-4/tp.git,master,Nicholas-gohh,,CS2103T-F14a-4 GOH ..OLAS,Nicholas Goh,
https://github.com/AY2627S1-CS2103T-T13-2/tp.git,master,ShawnKokXK,,CS2103T-T13-2 SHAW.. KAI,Shawn Kok,
https://github.com/AY2627S1-CS2103T-T09-2/tp.git,master,tommyquak,,CS2103T-T09-2 QUAK..OMMY,Tommy;Tommy Quak,
https://github.com/AY2627S1-CS2103T-F13-4/tp.git,master,dygrik,,CS2103T-F13-4 SIM ..YLAN,dylan sim,
https://github.com/AY2627S1-CS2103T-W14-4/tp.git,master,ApproxNeo,,CS2103T-W14-4 CLEM.. KAI,Clement;clementnjk,
https://github.com/AY2627S1-CS2103T-F14a-1/tp.git,master,BrianLim35,,CS2103T-F14a-1 LIM ..RIAN,Brian Lim,
https://github.com/AY2627S1-CS2103T-W14-3/tp.git,master,benwoo1110,,CS2103T-W14-3 BENE.. KAI,Ben Woo,
https://github.com/AY2627S1-CS2103T-T10-1/tp.git,master,ting436,,CS2103T-T10-1 NG T.. HUI,,
https://github.com/AY2627S1-CS2103T-F10-2/tp.git,master,advaitio,,CS2103T-F10-2 PHAD..EJAS,Advait Phadnis,
https://github.com/AY2627S1-CS2103T-T08-1/tp.git,master,malyalakusumita,,CS2103T-T08-1 MALY..MITA,,
https://github.com/AY2627S1-CS2103T-T11-4/tp.git,master,headphonesribbons,,CS2103T-T11-4 TAN ..NLIN,Xinlin;xinlin,
https://github.com/AY2627S1-CS2103T-W11-2/tp.git,master,jennangke,,CS2103T-W11-2 JENN.. ERN,,
https://github.com/AY2627S1-CS2103T-F12-2/tp.git,master,of89p,,CS2103T-F12-2 TEO ..ENCE,Terence Teo,
https://github.com/AY2627S1-CS2103T-F12-1/tp.git,master,DaRealTristan,,CS2103T-F12-1 TRIS.. HNG,,
https://github.com/AY2627S1-CS2103T-T14-4/tp.git,master,Frostwrath99,,CS2103T-T14-4 GABR.. JIA,,
https://github.com/AY2627S1-CS2103T-T08-2/tp.git,master,AAAchinnn,,CS2103T-T08-2 ACHI..ASAN,AAAchin;Achinthieya,
https://github.com/AY2627S1-CS2103T-W12-1/tp.git,master,Asdao,,CS2103T-W12-1 NOAH..U EN,Noah;asdao,
https://github.com/AY2627S1-CS2103T-T10-3/tp.git,master,trigg770,,CS2103T-T10-3 NG T..HONG,Tristan Ng,
https://github.com/AY2627S1-CS2103T-W09-4/tp.git,master,BenjaminWong33,,CS2103T-W09-4 WONG..AMIN,Benjamin,
https://github.com/AY2627S1-CS2103T-F09-1/tp.git,master,Praneeth-Suresh,,CS2103T-F09-1 PRAN..RESH,Praneeth Suresh,
https://github.com/AY2627S1-CS2103T-T08-3/tp.git,master,24JonW,,CS2103T-T08-3 WONG..THAN,Jonathan Wong,
https://github.com/AY2627S1-CS2103T-W11-3/tp.git,master,AndreLiu1225,,CS2103T-W11-3 ANDR..HONG,,
https://github.com/AY2627S1-CS2103T-F12-2/tp.git,master,Yonggang142,,CS2103T-F12-2 WU Y..GANG,Yonggang;unknown,
https://github.com/AY2627S1-CS2103T-F12-4/tp.git,master,suwi1226,,CS2103T-F12-4 SURY..NIAN,Batman;suwi,
https://github.com/AY2627S1-CS2103T-F09-4/tp.git,master,PranavJ-960,,CS2103T-F09-4 PRAN..ARAN,Pranav;Pranav Jagatheeswaran,
https://github.com/AY2627S1-CS2103T-T12-2/tp.git,master,purpleshark74,,CS2103T-T12-2 AARA..ALAN,Aarav Jayapalan,
https://github.com/AY2627S1-CS2103T-F09-4/tp.git,master,euanlt,,CS2103T-F09-4 EUAN..G EN,,
https://github.com/AY2627S1-CS2103T-W11-3/tp.git,master,jit1604,,CS2103T-W11-3 ABHI..AMAN,Abhijit Jayaraman,
https://github.com/AY2627S1-CS2103T-T12-4/tp.git,master,arav31,,CS2103T-T12-4 ARAV..BRAL,Arav;arav,
https://github.com/AY2627S1-CS2103T-T13-3/tp.git,master,Heshtin,,CS2103T-T13-3 KRIS..HESH,,
https://github.com/AY2627S1-CS2103T-T14-3/tp.git,master,MeowyMacMeowza,,CS2103T-T14-3 WONG.. ZEN,,
https://github.com/AY2627S1-CS2103T-T12-1/tp.git,master,SrivathsanRam,,CS2103T-T12-1 SRIV.. RAM,Srivathsan Ram,
https://github.com/AY2627S1-CS2103T-W09-4/tp.git,master,denzelgoo,,CS2103T-W09-4 DENZ..KIAT,,
https://github.com/AY2627S1-CS2103T-T09-3/tp.git,master,sidharthbairy,,CS2103T-T09-3 BAIR..ARTH,Sid;Sidharth Bairy,
https://github.com/AY2627S1-CS2103T-T10-3/tp.git,master,liownahum,,CS2103T-T10-3 NAHU.. CHE,Nahum Liow Yun Che,
https://github.com/AY2627S1-CS2103T-T12-3/tp.git,master,bedminer1,,CS2103T-T12-3 ALEX.. RUI,Alexander Seah,
https://github.com/AY2627S1-CS2103T-T10-3/tp.git,master,L0pch,,CS2103T-T10-3 FRED..RLES,Fredrick CC,
https://github.com/AY2627S1-CS2103T-W09-3/tp.git,master,jarenyap,,CS2103T-W09-3 YAP ..AREN,Jaren Yap,
https://github.com/AY2627S1-CS2103T-F15-1/tp.git,master,IliekS,,CS2103T-F15-1 WANG..OJIE,Wang Xiaojie;pandaass,
https://github.com/AY2627S1-CS2103T-W10-4/tp.git,master,matthewhanyd,,CS2103T-W10-4 HAN ..THEW,,
https://github.com/AY2627S1-CS2103T-F11-3/tp.git,master,Kubogi,,CS2103T-F11-3 HOAN.. HAI,Hoang Hai,
https://github.com/AY2627S1-CS2103T-T08-3/tp.git,master,ChalasDK22,,CS2103T-T08-3 VU D..KHOA,Vu Dang Khoa,
https://github.com/AY2627S1-CS2103T-T08-3/tp.git,master,sonlexuan3000,,CS2103T-T08-3 LE X.. SON,Le Xuan Son;Lê Xuân Sơn,
https://github.com/AY2627S1-CS2103T-T15-1/tp.git,master,hphehe,,CS2103T-T15-1 HOAN..UONG,Hoang Phuong;Phuong Hoang,
https://github.com/AY2627S1-CS2103T-F10-4/tp.git,master,vutuanlong07,,CS2103T-F10-4 VU T..LONG,Vu Tuan Long,
https://github.com/AY2627S1-CS2103T-F10-1/tp.git,master,KelvenN11,,CS2103T-F10-1 KELV..NAEL,,
https://github.com/AY2627S1-CS2103T-W12-2/tp.git,master,jiewue,,CS2103T-W12-2 LEE .. JIE,Jia Jie,
https://github.com/AY2627S1-CS2103T-T09-4/tp.git,master,hhkennn,,CS2103T-T09-4 HUAN.. KEN,Hoong Ken;Ken,
https://github.com/AY2627S1-CS2103T-W08-1/tp.git,master,KohKoh-Nut,,CS2103T-W08-1 KOH .. JUN,KohKohNut,
https://github.com/AY2627S1-CS2103T-T15-1/tp.git,master,ThaiNguyen0806,,CS2103T-T15-1 NGUY..THAI,,
https://github.com/AY2627S1-CS2103T-T14-1/tp.git,master,itzkhoadao,,CS2103T-T14-1 DAO ..KHOA,Anh-Khoa Dao;Dao Anh Khoa,
https://github.com/AY2627S1-CS2103T-T16-1/tp.git,master,Nguyen-Phuc-Thang,,CS2103T-T16-1 NGUY..HANG,Nguyen Phuc Thang,
https://github.com/AY2627S1-CS2103T-W12-3/tp.git,master,evannathanael,,CS2103T-W12-3 EVAN..NAEL,Evan Nathanael,
https://github.com/AY2627S1-CS2103T-T10-3/tp.git,master,cs28118,,CS2103T-T10-3 LIM ..HENG,cslim,
https://github.com/AY2627S1-CS2103T-F15-2/tp.git,master,duynguyen21007,,CS2103T-F15-2 NGUY.. DUY,Duy Nguyen;Nguyen Anh Duy,
https://github.com/AY2627S1-CS2103T-F12-1/tp.git,master,amberrrruby,,CS2103T-F12-1 GOU .. LIN,,
https://github.com/AY2627S1-CS2103T-W14-2/tp.git,master,yileteoh,,CS2103T-W14-2 TEOH..I LE,Teoh Yi Le,
https://github.com/AY2627S1-CS2103T-W14-2/tp.git,master,NGWEIJIEN35,,CS2103T-W14-2 NG W..JIEN,,
https://github.com/AY2627S1-CS2103T-W14-1/tp.git,master,lzc-nus,,CS2103T-W14-1 LIM ..CHAO,LIM ZI CHAO;Lim Zi Chao,
https://github.com/AY2627S1-CS2103T-F11-1/tp.git,master,Noyoth,,CS2103T-F11-1 NOAH..NING,,
https://github.com/AY2627S1-CS2103T-T14-1/tp.git,master,HienPahm,,CS2103T-T14-1 PHAM..HIEN,HienPham;William,
https://github.com/AY2627S1-CS2103T-W10-3/tp.git,master,bedrockfake,,CS2103T-W10-3 SIU .. YIN,,
https://github.com/AY2627S1-CS2103T-T12-2/tp.git,master,wenyiliangg,,CS2103T-T12-2 LIAN..N YI,Wen Yi Liang,
https://github.com/AY2627S1-CS2103T-T14-4/tp.git,master,isaacser8,,CS2103T-T14-4 SER .. ZHE,Isaac Ser;Ser Yi Zhe,
https://github.com/AY2627S1-CS2103T-F10-1/tp.git,master,topinmys,,CS2103T-F10-1 YAP .. JIE,Guo Jie,
https://github.com/AY2627S1-CS2103T-F10-1/tp.git,master,Itscoldhere22,,CS2103T-F10-1 TAN ..UGEN,Itscoldhere,
https://github.com/AY2627S1-CS2103T-F14-2/tp.git,master,dionhjx,,CS2103T-F14-2 DION..G XI,Dion Huang,
https://github.com/AY2627S1-CS2103T-W14-2/tp.git,master,TTHeang520,,CS2103T-W14-2 TAN ..EANG,Tan Teck Heang,
https://github.com/AY2627S1-CS2103T-T09-4/tp.git,master,mingshun2005,,CS2103T-T09-4 TEE ..SHUN,mingshun529-coder,
https://github.com/AY2627S1-CS2103T-F11-3/tp.git,master,engsheng,,CS2103T-F11-3 ANG ..HENG,,
https://github.com/AY2627S1-CS2103T-W09-3/tp.git,master,edwardheww,,CS2103T-W09-3 EDWA..HERN,Edward,
https://github.com/AY2627S1-CS2103T-W11-3/tp.git,master,d0pb,,CS2103T-W11-3 LEOW..YANG,Han Yang,
https://github.com/AY2627S1-CS2103T-T10-4/tp.git,master,valentinonathan,,CS2103T-T10-4 VALE..THAN,Valentino Nathan,
https://github.com/AY2627S1-CS2103T-W12-1/tp.git,master,CAYOPAN,,CS2103T-W12-1 CALV..NGAN,,
https://github.com/AY2627S1-CS2103T-W12-1/tp.git,master,rondth,,CS2103T-W12-1 ERON..THAN,Eron;eron,
https://github.com/AY2627S1-CS2103T-W12-3/tp.git,master,vickylim08,,CS2103T-W12-3 VICK.. LIM,Vicky Lim,
https://github.com/AY2627S1-CS2103T-T10-2/tp.git,master,amndatasyaa,,CS2103T-T10-2 AMAN..DEDI,,
https://github.com/AY2627S1-CS2103T-W14-4/tp.git,master,minghong-dev,,CS2103T-W14-4 TANG..HONG,Ming Hong;TANG MING HONG,
https://github.com/AY2627S1-CS2103T-T10-4/tp.git,master,Chrsxndr,,CS2103T-T10-4 CHRI..NDER,Christian Alexander,
https://github.com/AY2627S1-CS2103T-W12-3/tp.git,master,yuanshengbronze,,CS2103T-W12-3 ELBE.. LIE,Elbert;elbert,
https://github.com/AY2627S1-CS2103T-T09-3/tp.git,master,rahulg1507,,CS2103T-T09-3 RAHU..NESH,Rahul,
https://github.com/AY2627S1-CS2103T-T09-3/tp.git,master,antaradaw,,CS2103T-T09-3 DAW ..TARA,Antara Daw,
https://github.com/AY2627S1-CS2103T-T14-1/tp.git,master,fikoww,,CS2103T-T14-1 FRED..ALIM,Frederico Samuel Halim,
https://github.com/AY2627S1-CS2103T-T17-2/tp.git,master,antonydchakola-hub,,CS2103T-T17-2 CHAK..NNIS,Antony;Antony Dennis Chakola;AntonyDC,
https://github.com/AY2627S1-CS2103T-F10-2/tp.git,master,Krtin888,,CS2103T-F10-2 GOEL..RTIN,,
https://github.com/AY2627S1-CS2103T-F10-2/tp.git,master,aanya007,,CS2103T-F10-2 YADU..ANYA,Aanya Yaduvanshi,
https://github.com/AY2627S1-CS2103T-W08-1/tp.git,master,nraisa0408,,CS2103T-W08-1 RAIS..SHAT,Nishat Raisa;Raisa Nishat,
https://github.com/AY2627S1-CS2103T-T09-3/tp.git,master,aayushi122,,CS2103T-T09-3 MAHT..USHI,aayushi,
https://github.com/AY2627S1-CS2103T-W09-1/tp.git,master,pulas2345,,CS2103T-W09-1 SATA..STYA,Pulastya;Pulastya Satapathy,
https://github.com/AY2627S1-CS2103T-F15-3/tp.git,master,RayWHJ,,CS2103T-F15-3 WONG.. JET,Wong Hau Jet,
https://github.com/AY2627S1-CS2103T-T09-3/tp.git,master,GowrinathJK,,CS2103T-T09-3 JAYA..NATH,,
https://github.com/AY2627S1-CS2103T-W11-1/tp.git,master,Sia-Pathania,,CS2103T-W11-1 SIA ..ANIA,Sia Pathania,
https://github.com/AY2627S1-CS2103T-T08-1/tp.git,master,graceqian06,,CS2103T-T08-1 QIAN.. PAN,grace;grace qian,
https://github.com/AY2627S1-CS2103T-F09-2a/tp.git,master,suvan1911,,CS2103T-F09-2 HAND..UVAN,Suvan,
https://github.com/AY2627S1-CS2103T-T11-2/tp.git,master,ChloeFoong,,CS2103T-T11-2 FOON..E RU,Chloe Foong,
https://github.com/AY2627S1-CS2103T-W10-2/tp.git,master,Yukino2711,,CS2103T-W10-2 YANG..IRUI,,
https://github.com/AY2627S1-CS2103T-F14-2/tp.git,master,Jax0312,,CS2103T-F14-2 JAXO..XUAN,,
https://github.com/AY2627S1-CS2103T-W14-3/tp.git,master,AaravMalani,,CS2103T-W14-3 MALA..JEEL,Aarav Malani,
https://github.com/AY2627S1-CS2103T-W09-3/tp.git,master,Rubyherp,,CS2103T-W09-3 HOR ..NENG,XN;xn,
https://github.com/AY2627S1-CS2103T-F12-2/tp.git,master,clairep246,,CS2103T-F12-2 PHAY..AIRE,claire;claire p,
https://github.com/AY2627S1-CS2103T-T11-3/tp.git,master,Nathaniel-Lim,,CS2103T-T11-3 NATH..NING,Nathaniel Lim,
https://github.com/AY2627S1-CS2103T-T11-2/tp.git,master,zhuxinye754,,CS2103T-T11-2 ZHU ..INYE,Zhu Xinye,
https://github.com/AY2627S1-CS2103T-F10-4/tp.git,master,kkyingovo,,CS2103T-F10-4 CHEN..YING,,
https://github.com/AY2627S1-CS2103T-W08-4/tp.git,master,eatenquek,,CS2103T-W08-4 QUEK..THAN,,
https://github.com/AY2627S1-CS2103T-T11-2/tp.git,master,jessclouds,,CS2103T-T11-2 JESS..CHEN,jessica,
https://github.com/AY2627S1-CS2103T-T16-3/tp.git,master,geengene,,CS2103T-T16-3 KUAH..QHEE,Kuah Gene Qhee,
https://github.com/AY2627S1-CS2103T-F10-4/tp.git,master,plainxjane,,CS2103T-F10-4 JANE..IEYU,Jane;jane,
https://github.com/AY2627S1-CS2103T-F13-2/tp.git,master,Henry336,,CS2103T-F13-2 HEIN..HTET,Hein Lin Htet,
https://github.com/AY2627S1-CS2103T-F13-2/tp.git,master,naymin-gif,,CS2103T-F13-2 NAY ..THAR,NayMinThar,
https://github.com/AY2627S1-CS2103T-F13-2/tp.git,master,ThatLi,,CS2103T-F13-2 LI T..THAT,That Li,
https://github.com/AY2627S1-CS2103T-T14-1/tp.git,master,winhks25,,CS2103T-T14-1 WIN .. SOE,Win;Win Htut,
https://github.com/AY2627S1-CS2103T-T08-1/tp.git,master,Gnanes99,,CS2103T-T08-1 RAMA..SWAR,Gnanesh,
https://github.com/AY2627S1-CS2103T-T10-2/tp.git,master,alexandra-setiawan,,CS2103T-T10-2 ALEX..AWAN,Alexandra Setiawan,
https://github.com/AY2627S1-CS2103T-W13-4/tp.git,master,bibikowlf,,CS2103T-W13-4 KO P..-YUN,,
https://github.com/AY2627S1-CS2103T-W10-3/tp.git,master,dmraykhan,,CS2103T-W10-3 DAMI..KHAN,Aykhan Damirli;aykhn,
https://github.com/AY2627S1-CS2103T-W14-1/tp.git,master,Enzo-MYX,,CS2103T-W14-1 MENG..XUAN,Enzo Meng;MengYX,
https://github.com/AY2627S1-CS2103T-T12-4/tp.git,master,linziyang2025-byte,,CS2103T-T12-4 LIN ..YANG,Leo;Lin Ziyang,
https://github.com/AY2627S1-CS2103T-W12-4/tp.git,master,soy046,,CS2103T-W12-4 CHEN..ZHEN,Yuz,
https://github.com/AY2627S1-CS2103T-T14-2/tp.git,master,jiangyuning07,,CS2103T-T14-2 JIAN..NING,Jiang Yuning,
https://github.com/AY2627S1-CS2103T-T17-2/tp.git,master,ken2k7,,CS2103T-T17-2 GAND..UMAR,Gandhi Kenil Vrajeshkumar;Kenil,
https://github.com/AY2627S1-CS2103T-T12-4/tp.git,master,MarcusMa06-code,,CS2103T-T12-4 MA M..YANG,Ma Mingyang;Marcus,
https://github.com/AY2627S1-CS2103T-W14-3/tp.git,master,Melogens,,CS2103T-W14-3 AYE .. SIN,,
https://github.com/AY2627S1-CS2103T-F10-1/tp.git,master,d1sha1,,CS2103T-F10-1 DISH..AMAN,disha,
https://github.com/AY2627S1-CS2103T-W08-1/tp.git,master,akoromy,,CS2103T-W08-1 AKO ..HILI,Romy Ako,
https://github.com/AY2627S1-CS2103T-T09-4/tp.git,master,ahsiwt101,,CS2103T-T09-4 MEHT..YUSH,Twisha,
https://github.com/AY2627S1-CS2103T-F15-1/tp.git,master,samairakapur,,CS2103T-F15-1 SAMA..APUR,Samaira Kapur;Your Name,
https://github.com/AY2627S1-CS2103T-W10-2/tp.git,master,chen-sixian,,CS2103T-W10-2 CHEN..XIAN,Chen Sixian;foodieharhar,
https://github.com/AY2627S1-CS2103T-F15-3/tp.git,master,sel-couth-ene,,CS2103T-F15-3 CHAN..TUNG,Selene;selene,
https://github.com/AY2627S1-CS2103T-F14-2/tp.git,master,timthedev07,,CS2103T-F14-2 BAO ..XIYU,Tim,
https://github.com/AY2627S1-CS2103T-W12-1/tp.git,master,glory-lion,,CS2103T-W12-1 GLOR..LION,Glory;Glory Charity Lion,
https://github.com/AY2627S1-CS2103T-T12-3/tp.git,master,AmyLiiiii,,CS2103T-T12-3 LI Z..OHAN,Amy,
https://github.com/AY2627S1-CS2103T-F15-1/tp.git,master,Yash-PoPularPlusPlus,,CS2103T-F15-1 THAK..YASH,Yash Thakker,
